date,hour,stationName,lineNm,stnCd,stnNo,trnscdSeCd,trnscdSeCdNm,trnscdUserSeCd,trnscdUserSeCdNm,rideNope,gffNope,totalNope
2026-02-25,23,성수역,2호선,0211,211,C,1회용교통카드,43,중국어 일반,1,0,1
2026-02-25,23,성수역,2호선,0211,211,C,1회용교통카드,42,일어 일반,0,1,1
2026-02-25,23,성수역,2호선,0211,211,C,1회용교통카드,12,어린이,0,0,0
2026-02-25,23,성수역,2호선,0211,211,C,1회용교통카드,11,일반,1,1,2
2026-02-25,23,성수역,2호선,0211,211,C,1회용교통카드,100,우대권,1,0,1
2026-02-25,23,성수역,2호선,0211,211,B,정기권카드,01,일반,0,1,1
2026-02-25,23,성수역,2호선,0211,211,2,후불카드,100,우대권,0,4,4
2026-02-25,23,성수역,2호선,0211,211,2,후불카드,04,청소년,5,1,6
2026-02-25,23,성수역,2호선,0211,211,2,후불카드,01,일반,541,140,681
2026-02-25,23,성수역,2호선,0211,211,1,선불카드,99,기타,1,3,4
2026-02-25,23,성수역,2호선,0211,211,1,선불카드,100,우대권,10,19,29
2026-02-25,23,성수역,2호선,0211,211,1,선불카드,04,청소년,16,5,21
2026-02-25,23,성수역,2호선,0211,211,1,선불카드,01,일반,452,144,596
2026-02-25,22,성수역,2호선,0211,211,C,1회용교통카드,43,중국어 일반,4,0,4
2026-02-25,22,성수역,2호선,0211,211,C,1회용교통카드,41,영어 일반,1,0,1
2026-02-25,22,성수역,2호선,0211,211,C,1회용교통카드,12,어린이,0,1,1
2026-02-25,22,성수역,2호선,0211,211,C,1회용교통카드,11,일반,1,5,6
2026-02-25,22,성수역,2호선,0211,211,C,1회용교통카드,100,우대권,0,0,0
2026-02-25,22,성수역,2호선,0211,211,B,정기권카드,01,일반,3,0,3
2026-02-25,22,성수역,2호선,0211,211,2,후불카드,100,우대권,5,7,12
2026-02-25,22,성수역,2호선,0211,211,2,후불카드,04,청소년,24,5,29
2026-02-25,22,성수역,2호선,0211,211,2,후불카드,01,일반,1279,221,1500
2026-02-25,22,성수역,2호선,0211,211,1,선불카드,99,기타,9,5,14
2026-02-25,22,성수역,2호선,0211,211,1,선불카드,100,우대권,46,35,81
2026-02-25,22,성수역,2호선,0211,211,1,선불카드,04,청소년,47,25,72
2026-02-25,22,성수역,2호선,0211,211,1,선불카드,02,어린이,6,1,7
2026-02-25,22,성수역,2호선,0211,211,1,선불카드,01,일반,1195,215,1410
2026-02-25,21,성수역,2호선,0211,211,C,1회용교통카드,46,중국어 어린이,1,0,1
2026-02-25,21,성수역,2호선,0211,211,C,1회용교통카드,43,중국어 일반,17,0,17
2026-02-25,21,성수역,2호선,0211,211,C,1회용교통카드,42,일어 일반,5,0,5
2026-02-25,21,성수역,2호선,0211,211,C,1회용교통카드,41,영어 일반,7,0,7
2026-02-25,21,성수역,2호선,0211,211,C,1회용교통카드,12,어린이,3,0,3
2026-02-25,21,성수역,2호선,0211,211,C,1회용교통카드,11,일반,8,3,11
2026-02-25,21,성수역,2호선,0211,211,C,1회용교통카드,100,우대권,6,0,6
2026-02-25,21,성수역,2호선,0211,211,B,정기권카드,01,일반,2,2,4
2026-02-25,21,성수역,2호선,0211,211,2,후불카드,100,우대권,12,2,14
2026-02-25,21,성수역,2호선,0211,211,2,후불카드,04,청소년,63,4,67
2026-02-25,21,성수역,2호선,0211,211,2,후불카드,01,일반,2152,276,2428
2026-02-25,21,성수역,2호선,0211,211,1,선불카드,99,기타,6,8,14
2026-02-25,21,성수역,2호선,0211,211,1,선불카드,100,우대권,127,63,190
2026-02-25,21,성수역,2호선,0211,211,1,선불카드,04,청소년,120,12,132
2026-02-25,21,성수역,2호선,0211,211,1,선불카드,03,중고생,1,0,1
2026-02-25,21,성수역,2호선,0211,211,1,선불카드,02,어린이,9,0,9
2026-02-25,21,성수역,2호선,0211,211,1,선불카드,01,일반,1948,327,2275
2026-02-25,20,성수역,2호선,0211,211,C,1회용교통카드,46,중국어 어린이,1,1,2
2026-02-25,20,성수역,2호선,0211,211,C,1회용교통카드,44,영어 어린이,2,0,2
2026-02-25,20,성수역,2호선,0211,211,C,1회용교통카드,43,중국어 일반,15,11,26
2026-02-25,20,성수역,2호선,0211,211,C,1회용교통카드,42,일어 일반,12,1,13
2026-02-25,20,성수역,2호선,0211,211,C,1회용교통카드,41,영어 일반,7,1,8
2026-02-25,20,성수역,2호선,0211,211,C,1회용교통카드,12,어린이,1,2,3
2026-02-25,20,성수역,2호선,0211,211,C,1회용교통카드,11,일반,8,0,8
2026-02-25,20,성수역,2호선,0211,211,C,1회용교통카드,100,우대권,3,1,4
2026-02-25,20,성수역,2호선,0211,211,B,정기권카드,01,일반,2,0,2
2026-02-25,20,성수역,2호선,0211,211,2,후불카드,100,우대권,11,5,16
2026-02-25,20,성수역,2호선,0211,211,2,후불카드,04,청소년,66,19,85
2026-02-25,20,성수역,2호선,0211,211,2,후불카드,01,일반,2541,461,3002
2026-02-25,20,성수역,2호선,0211,211,1,선불카드,99,기타,16,4,20
2026-02-25,20,성수역,2호선,0211,211,1,선불카드,100,우대권,90,91,181
2026-02-25,20,성수역,2호선,0211,211,1,선불카드,04,청소년,194,25,219
2026-02-25,20,성수역,2호선,0211,211,1,선불카드,03,중고생,1,0,1
2026-02-25,20,성수역,2호선,0211,211,1,선불카드,02,어린이,19,2,21
2026-02-25,20,성수역,2호선,0211,211,1,선불카드,01,일반,2327,478,2805
2026-02-25,19,성수역,2호선,0211,211,C,1회용교통카드,46,중국어 어린이,2,0,2
2026-02-25,19,성수역,2호선,0211,211,C,1회용교통카드,43,중국어 일반,21,9,30
2026-02-25,19,성수역,2호선,0211,211,C,1회용교통카드,42,일어 일반,21,1,22
2026-02-25,19,성수역,2호선,0211,211,C,1회용교통카드,41,영어 일반,7,3,10
2026-02-25,19,성수역,2호선,0211,211,C,1회용교통카드,12,어린이,8,0,8
2026-02-25,19,성수역,2호선,0211,211,C,1회용교통카드,11,일반,16,7,23
2026-02-25,19,성수역,2호선,0211,211,C,1회용교통카드,100,우대권,5,6,11
2026-02-25,19,성수역,2호선,0211,211,B,정기권카드,01,일반,3,4,7
2026-02-25,19,성수역,2호선,0211,211,2,후불카드,100,우대권,20,10,30
2026-02-25,19,성수역,2호선,0211,211,2,후불카드,04,청소년,95,30,125
2026-02-25,19,성수역,2호선,0211,211,2,후불카드,02,어린이,2,0,2
2026-02-25,19,성수역,2호선,0211,211,2,후불카드,01,일반,3349,961,4310
2026-02-25,19,성수역,2호선,0211,211,1,선불카드,99,기타,9,7,16
2026-02-25,19,성수역,2호선,0211,211,1,선불카드,100,우대권,179,126,305
2026-02-25,19,성수역,2호선,0211,211,1,선불카드,04,청소년,252,61,313
2026-02-25,19,성수역,2호선,0211,211,1,선불카드,03,중고생,1,0,1
2026-02-25,19,성수역,2호선,0211,211,1,선불카드,02,어린이,22,4,26
2026-02-25,19,성수역,2호선,0211,211,1,선불카드,01,일반,3076,824,3900
2026-02-25,18,성수역,2호선,0211,211,C,1회용교통카드,43,중국어 일반,20,10,30
2026-02-25,18,성수역,2호선,0211,211,C,1회용교통카드,42,일어 일반,16,5,21
2026-02-25,18,성수역,2호선,0211,211,C,1회용교통카드,41,영어 일반,34,3,37
2026-02-25,18,성수역,2호선,0211,211,C,1회용교통카드,12,어린이,11,2,13
2026-02-25,18,성수역,2호선,0211,211,C,1회용교통카드,11,일반,25,6,31
2026-02-25,18,성수역,2호선,0211,211,C,1회용교통카드,100,우대권,16,7,23
2026-02-25,18,성수역,2호선,0211,211,B,정기권카드,01,일반,14,2,16
2026-02-25,18,성수역,2호선,0211,211,2,후불카드,100,우대권,52,13,65
2026-02-25,18,성수역,2호선,0211,211,2,후불카드,04,청소년,93,43,136
2026-02-25,18,성수역,2호선,0211,211,2,후불카드,02,어린이,1,5,6
2026-02-25,18,성수역,2호선,0211,211,2,후불카드,01,일반,6223,1702,7925
2026-02-25,18,성수역,2호선,0211,211,1,선불카드,99,기타,23,17,40
2026-02-25,18,성수역,2호선,0211,211,1,선불카드,100,우대권,396,178,574
2026-02-25,18,성수역,2호선,0211,211,1,선불카드,04,청소년,278,97,375
2026-02-25,18,성수역,2호선,0211,211,1,선불카드,02,어린이,28,21,49
2026-02-25,18,성수역,2호선,0211,211,1,선불카드,01,일반,5514,1667,7181
2026-02-25,17,성수역,2호선,0211,211,C,1회용교통카드,44,영어 어린이,1,0,1
2026-02-25,17,성수역,2호선,0211,211,C,1회용교통카드,43,중국어 일반,13,14,27
2026-02-25,17,성수역,2호선,0211,211,C,1회용교통카드,42,일어 일반,14,4,18
2026-02-25,17,성수역,2호선,0211,211,C,1회용교통카드,41,영어 일반,24,14,38
2026-02-25,17,성수역,2호선,0211,211,C,1회용교통카드,12,어린이,8,4,12
2026-02-25,17,성수역,2호선,0211,211,C,1회용교통카드,11,일반,15,17,32
2026-02-25,17,성수역,2호선,0211,211,C,1회용교통카드,100,우대권,6,4,10
2026-02-25,17,성수역,2호선,0211,211,B,정기권카드,01,일반,7,0,7
2026-02-25,17,성수역,2호선,0211,211,2,후불카드,100,우대권,30,19,49
2026-02-25,17,성수역,2호선,0211,211,2,후불카드,04,청소년,95,50,145
2026-02-25,17,성수역,2호선,0211,211,2,후불카드,02,어린이,0,0,0
2026-02-25,17,성수역,2호선,0211,211,2,후불카드,01,일반,3605,1397,5002
2026-02-25,17,성수역,2호선,0211,211,1,선불카드,99,기타,12,27,39
2026-02-25,17,성수역,2호선,0211,211,1,선불카드,100,우대권,344,176,520
2026-02-25,17,성수역,2호선,0211,211,1,선불카드,04,청소년,254,164,418
2026-02-25,17,성수역,2호선,0211,211,1,선불카드,03,중고생,3,0,3
2026-02-25,17,성수역,2호선,0211,211,1,선불카드,02,어린이,31,21,52
2026-02-25,17,성수역,2호선,0211,211,1,선불카드,01,일반,3402,1310,4712
2026-02-25,16,성수역,2호선,0211,211,C,1회용교통카드,46,중국어 어린이,4,2,6
2026-02-25,16,성수역,2호선,0211,211,C,1회용교통카드,43,중국어 일반,20,17,37
2026-02-25,16,성수역,2호선,0211,211,C,1회용교통카드,42,일어 일반,15,17,32
2026-02-25,16,성수역,2호선,0211,211,C,1회용교통카드,41,영어 일반,5,8,13
2026-02-25,16,성수역,2호선,0211,211,C,1회용교통카드,12,어린이,7,15,22
2026-02-25,16,성수역,2호선,0211,211,C,1회용교통카드,11,일반,10,15,25
2026-02-25,16,성수역,2호선,0211,211,C,1회용교통카드,100,우대권,12,10,22
2026-02-25,16,성수역,2호선,0211,211,B,정기권카드,01,일반,3,0,3
2026-02-25,16,성수역,2호선,0211,211,2,후불카드,100,우대권,30,18,48
2026-02-25,16,성수역,2호선,0211,211,2,후불카드,04,청소년,93,90,183
2026-02-25,16,성수역,2호선,0211,211,2,후불카드,01,일반,2024,1683,3707
2026-02-25,16,성수역,2호선,0211,211,1,선불카드,99,기타,14,18,32
2026-02-25,16,성수역,2호선,0211,211,1,선불카드,100,우대권,375,232,607
2026-02-25,16,성수역,2호선,0211,211,1,선불카드,04,청소년,245,210,455
2026-02-25,16,성수역,2호선,0211,211,1,선불카드,03,중고생,1,1,2
2026-02-25,16,성수역,2호선,0211,211,1,선불카드,02,어린이,20,14,34
2026-02-25,16,성수역,2호선,0211,211,1,선불카드,01,일반,1953,1512,3465
2026-02-25,15,성수역,2호선,0211,211,C,1회용교통카드,46,중국어 어린이,3,1,4
2026-02-25,15,성수역,2호선,0211,211,C,1회용교통카드,44,영어 어린이,0,2,2
2026-02-25,15,성수역,2호선,0211,211,C,1회용교통카드,43,중국어 일반,26,17,43
2026-02-25,15,성수역,2호선,0211,211,C,1회용교통카드,42,일어 일반,26,13,39
2026-02-25,15,성수역,2호선,0211,211,C,1회용교통카드,41,영어 일반,12,13,25
2026-02-25,15,성수역,2호선,0211,211,C,1회용교통카드,12,어린이,11,4,15
2026-02-25,15,성수역,2호선,0211,211,C,1회용교통카드,11,일반,9,12,21
2026-02-25,15,성수역,2호선,0211,211,C,1회용교통카드,100,우대권,11,9,20
2026-02-25,15,성수역,2호선,0211,211,B,정기권카드,01,일반,3,0,3
2026-02-25,15,성수역,2호선,0211,211,2,후불카드,100,우대권,25,18,43
2026-02-25,15,성수역,2호선,0211,211,2,후불카드,04,청소년,60,106,166
2026-02-25,15,성수역,2호선,0211,211,2,후불카드,01,일반,1423,1639,3062
2026-02-25,15,성수역,2호선,0211,211,1,선불카드,99,기타,11,10,21
2026-02-25,15,성수역,2호선,0211,211,1,선불카드,100,우대권,356,268,624
2026-02-25,15,성수역,2호선,0211,211,1,선불카드,04,청소년,181,229,410
2026-02-25,15,성수역,2호선,0211,211,1,선불카드,03,중고생,0,2,2
2026-02-25,15,성수역,2호선,0211,211,1,선불카드,02,어린이,41,27,68
2026-02-25,15,성수역,2호선,0211,211,1,선불카드,01,일반,1423,1525,2948
2026-02-25,14,성수역,2호선,0211,211,C,1회용교통카드,46,중국어 어린이,0,4,4
2026-02-25,14,성수역,2호선,0211,211,C,1회용교통카드,43,중국어 일반,7,10,17
2026-02-25,14,성수역,2호선,0211,211,C,1회용교통카드,42,일어 일반,14,7,21
2026-02-25,14,성수역,2호선,0211,211,C,1회용교통카드,41,영어 일반,7,6,13
2026-02-25,14,성수역,2호선,0211,211,C,1회용교통카드,12,어린이,5,4,9
2026-02-25,14,성수역,2호선,0211,211,C,1회용교통카드,11,일반,4,6,10
2026-02-25,14,성수역,2호선,0211,211,C,1회용교통카드,100,우대권,2,6,8
2026-02-25,14,성수역,2호선,0211,211,B,정기권카드,01,일반,2,1,3
2026-02-25,14,성수역,2호선,0211,211,2,후불카드,100,우대권,24,12,36
2026-02-25,14,성수역,2호선,0211,211,2,후불카드,04,청소년,43,89,132
2026-02-25,14,성수역,2호선,0211,211,2,후불카드,02,어린이,2,0,2
2026-02-25,14,성수역,2호선,0211,211,2,후불카드,01,일반,981,1691,2672
2026-02-25,14,성수역,2호선,0211,211,1,선불카드,99,기타,11,9,20
2026-02-25,14,성수역,2호선,0211,211,1,선불카드,100,우대권,310,256,566
2026-02-25,14,성수역,2호선,0211,211,1,선불카드,04,청소년,150,266,416
2026-02-25,14,성수역,2호선,0211,211,1,선불카드,03,중고생,0,0,0
2026-02-25,14,성수역,2호선,0211,211,1,선불카드,02,어린이,32,27,59
2026-02-25,14,성수역,2호선,0211,211,1,선불카드,01,일반,1135,1616,2751
2026-02-25,13,성수역,2호선,0211,211,C,1회용교통카드,46,중국어 어린이,0,1,1
2026-02-25,13,성수역,2호선,0211,211,C,1회용교통카드,44,영어 어린이,0,1,1
2026-02-25,13,성수역,2호선,0211,211,C,1회용교통카드,43,중국어 일반,0,21,21
2026-02-25,13,성수역,2호선,0211,211,C,1회용교통카드,42,일어 일반,9,21,30
2026-02-25,13,성수역,2호선,0211,211,C,1회용교통카드,41,영어 일반,0,14,14
2026-02-25,13,성수역,2호선,0211,211,C,1회용교통카드,12,어린이,2,5,7
2026-02-25,13,성수역,2호선,0211,211,C,1회용교통카드,11,일반,5,12,17
2026-02-25,13,성수역,2호선,0211,211,C,1회용교통카드,100,우대권,10,3,13
2026-02-25,13,성수역,2호선,0211,211,2,후불카드,100,우대권,24,19,43
2026-02-25,13,성수역,2호선,0211,211,2,후불카드,04,청소년,27,79,106
2026-02-25,13,성수역,2호선,0211,211,2,후불카드,01,일반,738,1774,2512
2026-02-25,13,성수역,2호선,0211,211,1,선불카드,99,기타,6,4,10
2026-02-25,13,성수역,2호선,0211,211,1,선불카드,100,우대권,257,236,493
2026-02-25,13,성수역,2호선,0211,211,1,선불카드,04,청소년,87,229,316
2026-02-25,13,성수역,2호선,0211,211,1,선불카드,03,중고생,1,2,3
2026-02-25,13,성수역,2호선,0211,211,1,선불카드,02,어린이,22,25,47
2026-02-25,13,성수역,2호선,0211,211,1,선불카드,01,일반,875,1783,2658
2026-02-25,12,성수역,2호선,0211,211,C,1회용교통카드,46,중국어 어린이,0,7,7
2026-02-25,12,성수역,2호선,0211,211,C,1회용교통카드,45,일어 어린이,0,1,1
2026-02-25,12,성수역,2호선,0211,211,C,1회용교통카드,44,영어 어린이,0,0,0
2026-02-25,12,성수역,2호선,0211,211,C,1회용교통카드,43,중국어 일반,0,33,33
2026-02-25,12,성수역,2호선,0211,211,C,1회용교통카드,42,일어 일반,9,34,43
2026-02-25,12,성수역,2호선,0211,211,C,1회용교통카드,41,영어 일반,0,11,11
2026-02-25,12,성수역,2호선,0211,211,C,1회용교통카드,12,어린이,3,13,16
2026-02-25,12,성수역,2호선,0211,211,C,1회용교통카드,11,일반,6,11,17
2026-02-25,12,성수역,2호선,0211,211,C,1회용교통카드,100,우대권,8,10,18
2026-02-25,12,성수역,2호선,0211,211,B,정기권카드,01,일반,0,1,1
2026-02-25,12,성수역,2호선,0211,211,2,후불카드,100,우대권,10,11,21
2026-02-25,12,성수역,2호선,0211,211,2,후불카드,04,청소년,13,86,99
2026-02-25,12,성수역,2호선,0211,211,2,후불카드,02,어린이,0,1,1
2026-02-25,12,성수역,2호선,0211,211,2,후불카드,01,일반,515,1612,2127
2026-02-25,12,성수역,2호선,0211,211,1,선불카드,99,기타,7,6,13
2026-02-25,12,성수역,2호선,0211,211,1,선불카드,100,우대권,239,234,473
2026-02-25,12,성수역,2호선,0211,211,1,선불카드,04,청소년,46,246,292
2026-02-25,12,성수역,2호선,0211,211,1,선불카드,02,어린이,14,42,56
2026-02-25,12,성수역,2호선,0211,211,1,선불카드,01,일반,570,1837,2407
2026-02-25,11,성수역,2호선,0211,211,C,1회용교통카드,46,중국어 어린이,1,2,3
2026-02-25,11,성수역,2호선,0211,211,C,1회용교통카드,45,일어 어린이,0,1,1
2026-02-25,11,성수역,2호선,0211,211,C,1회용교통카드,44,영어 어린이,0,1,1
2026-02-25,11,성수역,2호선,0211,211,C,1회용교통카드,43,중국어 일반,1,25,26
2026-02-25,11,성수역,2호선,0211,211,C,1회용교통카드,42,일어 일반,2,16,18
2026-02-25,11,성수역,2호선,0211,211,C,1회용교통카드,41,영어 일반,2,13,15
2026-02-25,11,성수역,2호선,0211,211,C,1회용교통카드,12,어린이,0,6,6
2026-02-25,11,성수역,2호선,0211,211,C,1회용교통카드,11,일반,1,8,9
2026-02-25,11,성수역,2호선,0211,211,C,1회용교통카드,100,우대권,2,9,11
2026-02-25,11,성수역,2호선,0211,211,B,정기권카드,01,일반,0,1,1
2026-02-25,11,성수역,2호선,0211,211,2,후불카드,100,우대권,20,17,37
2026-02-25,11,성수역,2호선,0211,211,2,후불카드,04,청소년,6,82,88
2026-02-25,11,성수역,2호선,0211,211,2,후불카드,02,어린이,1,2,3
2026-02-25,11,성수역,2호선,0211,211,2,후불카드,01,일반,385,1393,1778
2026-02-25,11,성수역,2호선,0211,211,1,선불카드,99,기타,5,4,9
2026-02-25,11,성수역,2호선,0211,211,1,선불카드,100,우대권,265,279,544
2026-02-25,11,성수역,2호선,0211,211,1,선불카드,04,청소년,19,242,261
2026-02-25,11,성수역,2호선,0211,211,1,선불카드,03,중고생,0,1,1
2026-02-25,11,성수역,2호선,0211,211,1,선불카드,02,어린이,4,50,54
2026-02-25,11,성수역,2호선,0211,211,1,선불카드,01,일반,384,1796,2180
2026-02-25,10,성수역,2호선,0211,211,C,1회용교통카드,43,중국어 일반,1,16,17
2026-02-25,10,성수역,2호선,0211,211,C,1회용교통카드,42,일어 일반,0,21,21
2026-02-25,10,성수역,2호선,0211,211,C,1회용교통카드,41,영어 일반,0,5,5
2026-02-25,10,성수역,2호선,0211,211,C,1회용교통카드,12,어린이,1,3,4
2026-02-25,10,성수역,2호선,0211,211,C,1회용교통카드,11,일반,3,13,16
2026-02-25,10,성수역,2호선,0211,211,C,1회용교통카드,100,우대권,2,13,15
2026-02-25,10,성수역,2호선,0211,211,B,정기권카드,01,일반,1,0,1
2026-02-25,10,성수역,2호선,0211,211,2,후불카드,100,우대권,9,23,32
2026-02-25,10,성수역,2호선,0211,211,2,후불카드,04,청소년,4,33,37
2026-02-25,10,성수역,2호선,0211,211,2,후불카드,02,어린이,0,1,1
2026-02-25,10,성수역,2호선,0211,211,2,후불카드,01,일반,348,1976,2324
2026-02-25,10,성수역,2호선,0211,211,1,선불카드,99,기타,8,19,27
2026-02-25,10,성수역,2호선,0211,211,1,선불카드,100,우대권,220,267,487
2026-02-25,10,성수역,2호선,0211,211,1,선불카드,04,청소년,12,141,153
2026-02-25,10,성수역,2호선,0211,211,1,선불카드,03,중고생,0,2,2
2026-02-25,10,성수역,2호선,0211,211,1,선불카드,02,어린이,1,25,26
2026-02-25,10,성수역,2호선,0211,211,1,선불카드,01,일반,275,2049,2324
2026-02-25,09,성수역,2호선,0211,211,C,1회용교통카드,46,중국어 어린이,0,1,1
2026-02-25,09,성수역,2호선,0211,211,C,1회용교통카드,43,중국어 일반,0,2,2
2026-02-25,09,성수역,2호선,0211,211,C,1회용교통카드,42,일어 일반,3,15,18
2026-02-25,09,성수역,2호선,0211,211,C,1회용교통카드,11,일반,1,7,8
2026-02-25,09,성수역,2호선,0211,211,C,1회용교통카드,100,우대권,3,6,9
2026-02-25,09,성수역,2호선,0211,211,B,정기권카드,01,일반,2,4,6
2026-02-25,09,성수역,2호선,0211,211,2,후불카드,100,우대권,9,29,38
2026-02-25,09,성수역,2호선,0211,211,2,후불카드,04,청소년,1,22,23
2026-02-25,09,성수역,2호선,0211,211,2,후불카드,02,어린이,1,0,1
2026-02-25,09,성수역,2호선,0211,211,2,후불카드,01,일반,324,4032,4356
2026-02-25,09,성수역,2호선,0211,211,1,선불카드,99,기타,17,4,21
2026-02-25,09,성수역,2호선,0211,211,1,선불카드,100,우대권,210,317,527
2026-02-25,09,성수역,2호선,0211,211,1,선불카드,04,청소년,10,74,84
2026-02-25,09,성수역,2호선,0211,211,1,선불카드,02,어린이,3,9,12
2026-02-25,09,성수역,2호선,0211,211,1,선불카드,01,일반,333,3597,3930
2026-02-25,08,성수역,2호선,0211,211,C,1회용교통카드,43,중국어 일반,0,0,0
2026-02-25,08,성수역,2호선,0211,211,C,1회용교통카드,42,일어 일반,0,8,8
2026-02-25,08,성수역,2호선,0211,211,C,1회용교통카드,11,일반,3,10,13
2026-02-25,08,성수역,2호선,0211,211,C,1회용교통카드,100,우대권,1,4,5
2026-02-25,08,성수역,2호선,0211,211,B,정기권카드,01,일반,5,17,22
2026-02-25,08,성수역,2호선,0211,211,2,후불카드,100,우대권,7,61,68
2026-02-25,08,성수역,2호선,0211,211,2,후불카드,04,청소년,1,8,9
2026-02-25,08,성수역,2호선,0211,211,2,후불카드,01,일반,507,6232,6739
2026-02-25,08,성수역,2호선,0211,211,1,선불카드,99,기타,6,22,28
2026-02-25,08,성수역,2호선,0211,211,1,선불카드,100,우대권,170,391,561
2026-02-25,08,성수역,2호선,0211,211,1,선불카드,04,청소년,11,22,33
2026-02-25,08,성수역,2호선,0211,211,1,선불카드,02,어린이,1,1,2
2026-02-25,08,성수역,2호선,0211,211,1,선불카드,01,일반,458,5329,5787
2026-02-25,07,성수역,2호선,0211,211,C,1회용교통카드,11,일반,0,1,1
2026-02-25,07,성수역,2호선,0211,211,C,1회용교통카드,100,우대권,1,0,1
2026-02-25,07,성수역,2호선,0211,211,B,정기권카드,01,일반,2,13,15
2026-02-25,07,성수역,2호선,0211,211,2,후불카드,100,우대권,9,33,42
2026-02-25,07,성수역,2호선,0211,211,2,후불카드,04,청소년,4,1,5
2026-02-25,07,성수역,2호선,0211,211,2,후불카드,01,일반,365,1676,2041
2026-02-25,07,성수역,2호선,0211,211,1,선불카드,99,기타,6,12,18
2026-02-25,07,성수역,2호선,0211,211,1,선불카드,100,우대권,134,356,490
2026-02-25,07,성수역,2호선,0211,211,1,선불카드,04,청소년,14,8,22
2026-02-25,07,성수역,2호선,0211,211,1,선불카드,01,일반,372,1474,1846
2026-02-25,06,성수역,2호선,0211,211,C,1회용교통카드,11,일반,1,1,2
2026-02-25,06,성수역,2호선,0211,211,C,1회용교통카드,100,우대권,1,1,2
2026-02-25,06,성수역,2호선,0211,211,B,정기권카드,01,일반,0,1,1
2026-02-25,06,성수역,2호선,0211,211,2,후불카드,100,우대권,6,24,30
2026-02-25,06,성수역,2호선,0211,211,2,후불카드,04,청소년,1,2,3
2026-02-25,06,성수역,2호선,0211,211,2,후불카드,01,일반,103,671,774
2026-02-25,06,성수역,2호선,0211,211,1,선불카드,99,기타,3,1,4
2026-02-25,06,성수역,2호선,0211,211,1,선불카드,100,우대권,96,356,452
2026-02-25,06,성수역,2호선,0211,211,1,선불카드,04,청소년,3,7,10
2026-02-25,06,성수역,2호선,0211,211,1,선불카드,01,일반,114,565,679
2026-02-25,05,성수역,2호선,0211,211,C,1회용교통카드,100,우대권,1,0,1
2026-02-25,05,성수역,2호선,0211,211,B,정기권카드,01,일반,0,0,0
2026-02-25,05,성수역,2호선,0211,211,2,후불카드,100,우대권,1,5,6
2026-02-25,05,성수역,2호선,0211,211,2,후불카드,04,청소년,1,0,1
2026-02-25,05,성수역,2호선,0211,211,2,후불카드,01,일반,59,76,135
2026-02-25,05,성수역,2호선,0211,211,1,선불카드,100,우대권,62,98,160
2026-02-25,05,성수역,2호선,0211,211,1,선불카드,04,청소년,1,0,1
2026-02-25,05,성수역,2호선,0211,211,1,선불카드,01,일반,57,90,147
2026-02-25,04,성수역,2호선,0211,211,C,1회용교통카드,46,중국어 어린이,0,0,0
2026-02-25,04,성수역,2호선,0211,211,C,1회용교통카드,45,일어 어린이,0,0,0
2026-02-25,04,성수역,2호선,0211,211,C,1회용교통카드,44,영어 어린이,0,0,0
2026-02-25,04,성수역,2호선,0211,211,C,1회용교통카드,43,중국어 일반,0,0,0
2026-02-25,04,성수역,2호선,0211,211,C,1회용교통카드,42,일어 일반,0,0,0
2026-02-25,04,성수역,2호선,0211,211,C,1회용교통카드,41,영어 일반,0,0,0
2026-02-25,04,성수역,2호선,0211,211,C,1회용교통카드,12,어린이,0,0,0
2026-02-25,04,성수역,2호선,0211,211,C,1회용교통카드,11,일반,0,0,0
2026-02-25,04,성수역,2호선,0211,211,C,1회용교통카드,100,우대권,0,0,0
2026-02-25,04,성수역,2호선,0211,211,B,정기권카드,01,일반,0,0,0
2026-02-25,04,성수역,2호선,0211,211,2,후불카드,100,우대권,0,0,0
2026-02-25,04,성수역,2호선,0211,211,2,후불카드,04,청소년,0,0,0
2026-02-25,04,성수역,2호선,0211,211,2,후불카드,02,어린이,0,0,0
2026-02-25,04,성수역,2호선,0211,211,2,후불카드,01,일반,0,0,0
2026-02-25,04,성수역,2호선,0211,211,1,선불카드,99,기타,0,0,0
2026-02-25,04,성수역,2호선,0211,211,1,선불카드,100,우대권,1,0,1
2026-02-25,04,성수역,2호선,0211,211,1,선불카드,04,청소년,0,0,0
2026-02-25,04,성수역,2호선,0211,211,1,선불카드,03,중고생,0,0,0
2026-02-25,04,성수역,2호선,0211,211,1,선불카드,02,어린이,0,0,0
2026-02-25,04,성수역,2호선,0211,211,1,선불카드,01,일반,1,0,1
2026-02-25,01,성수역,2호선,0211,211,2,후불카드,01,일반,0,22,22
2026-02-25,01,성수역,2호선,0211,211,1,선불카드,99,기타,0,4,4
2026-02-25,01,성수역,2호선,0211,211,1,선불카드,100,우대권,0,1,1
2026-02-25,01,성수역,2호선,0211,211,1,선불카드,04,청소년,0,1,1
2026-02-25,01,성수역,2호선,0211,211,1,선불카드,01,일반,0,24,24
2026-02-25,00,성수역,2호선,0211,211,C,1회용교통카드,11,일반,1,1,2
2026-02-25,00,성수역,2호선,0211,211,C,1회용교통카드,100,우대권,0,1,1
2026-02-25,00,성수역,2호선,0211,211,2,후불카드,100,우대권,0,0,0
2026-02-25,00,성수역,2호선,0211,211,2,후불카드,04,청소년,0,2,2
2026-02-25,00,성수역,2호선,0211,211,2,후불카드,01,일반,83,100,183
2026-02-25,00,성수역,2호선,0211,211,1,선불카드,99,기타,3,4,7
2026-02-25,00,성수역,2호선,0211,211,1,선불카드,100,우대권,0,6,6
2026-02-25,00,성수역,2호선,0211,211,1,선불카드,04,청소년,0,6,6
2026-02-25,00,성수역,2호선,0211,211,1,선불카드,01,일반,80,82,162
2026-02-25,23,뚝섬역,2호선,0210,210,C,1회용교통카드,43,중국어 일반,1,0,1
2026-02-25,23,뚝섬역,2호선,0210,210,C,1회용교통카드,42,일어 일반,0,2,2
2026-02-25,23,뚝섬역,2호선,0210,210,C,1회용교통카드,11,일반,1,0,1
2026-02-25,23,뚝섬역,2호선,0210,210,C,1회용교통카드,100,우대권,0,1,1
2026-02-25,23,뚝섬역,2호선,0210,210,B,정기권카드,01,일반,0,1,1
2026-02-25,23,뚝섬역,2호선,0210,210,2,후불카드,100,우대권,1,0,1
2026-02-25,23,뚝섬역,2호선,0210,210,2,후불카드,04,청소년,1,3,4
2026-02-25,23,뚝섬역,2호선,0210,210,2,후불카드,01,일반,198,109,307
2026-02-25,23,뚝섬역,2호선,0210,210,1,선불카드,99,기타,4,5,9
2026-02-25,23,뚝섬역,2호선,0210,210,1,선불카드,100,우대권,10,14,24
2026-02-25,23,뚝섬역,2호선,0210,210,1,선불카드,04,청소년,9,7,16
2026-02-25,23,뚝섬역,2호선,0210,210,1,선불카드,02,어린이,0,0,0
2026-02-25,23,뚝섬역,2호선,0210,210,1,선불카드,01,일반,170,130,300
2026-02-25,22,뚝섬역,2호선,0210,210,C,1회용교통카드,46,중국어 어린이,1,0,1
2026-02-25,22,뚝섬역,2호선,0210,210,C,1회용교통카드,43,중국어 일반,2,0,2
2026-02-25,22,뚝섬역,2호선,0210,210,C,1회용교통카드,12,어린이,0,1,1
2026-02-25,22,뚝섬역,2호선,0210,210,C,1회용교통카드,11,일반,0,2,2
2026-02-25,22,뚝섬역,2호선,0210,210,2,후불카드,100,우대권,1,2,3
2026-02-25,22,뚝섬역,2호선,0210,210,2,후불카드,04,청소년,9,6,15
2026-02-25,22,뚝섬역,2호선,0210,210,2,후불카드,02,어린이,0,0,0
2026-02-25,22,뚝섬역,2호선,0210,210,2,후불카드,01,일반,531,255,786
2026-02-25,22,뚝섬역,2호선,0210,210,1,선불카드,99,기타,3,2,5
2026-02-25,22,뚝섬역,2호선,0210,210,1,선불카드,100,우대권,29,25,54
2026-02-25,22,뚝섬역,2호선,0210,210,1,선불카드,04,청소년,12,10,22
2026-02-25,22,뚝섬역,2호선,0210,210,1,선불카드,02,어린이,0,1,1
2026-02-25,22,뚝섬역,2호선,0210,210,1,선불카드,01,일반,412,179,591
2026-02-25,21,뚝섬역,2호선,0210,210,C,1회용교통카드,43,중국어 일반,0,0,0
2026-02-25,21,뚝섬역,2호선,0210,210,C,1회용교통카드,41,영어 일반,1,0,1
2026-02-25,21,뚝섬역,2호선,0210,210,C,1회용교통카드,11,일반,3,0,3
2026-02-25,21,뚝섬역,2호선,0210,210,C,1회용교통카드,100,우대권,3,2,5
2026-02-25,21,뚝섬역,2호선,0210,210,B,정기권카드,01,일반,1,2,3
2026-02-25,21,뚝섬역,2호선,0210,210,2,후불카드,100,우대권,5,3,8
2026-02-25,21,뚝섬역,2호선,0210,210,2,후불카드,04,청소년,15,9,24
2026-02-25,21,뚝섬역,2호선,0210,210,2,후불카드,02,어린이,1,0,1
2026-02-25,21,뚝섬역,2호선,0210,210,2,후불카드,01,일반,858,256,1114
2026-02-25,21,뚝섬역,2호선,0210,210,1,선불카드,99,기타,3,7,10
2026-02-25,21,뚝섬역,2호선,0210,210,1,선불카드,100,우대권,66,54,120
2026-02-25,21,뚝섬역,2호선,0210,210,1,선불카드,04,청소년,24,13,37
2026-02-25,21,뚝섬역,2호선,0210,210,1,선불카드,02,어린이,5,1,6
2026-02-25,21,뚝섬역,2호선,0210,210,1,선불카드,01,일반,698,229,927
2026-02-25,20,뚝섬역,2호선,0210,210,C,1회용교통카드,46,중국어 어린이,2,1,3
2026-02-25,20,뚝섬역,2호선,0210,210,C,1회용교통카드,43,중국어 일반,6,3,9
2026-02-25,20,뚝섬역,2호선,0210,210,C,1회용교통카드,41,영어 일반,2,0,2
2026-02-25,20,뚝섬역,2호선,0210,210,C,1회용교통카드,12,어린이,0,1,1
2026-02-25,20,뚝섬역,2호선,0210,210,C,1회용교통카드,11,일반,2,1,3
2026-02-25,20,뚝섬역,2호선,0210,210,C,1회용교통카드,100,우대권,4,0,4
2026-02-25,20,뚝섬역,2호선,0210,210,B,정기권카드,01,일반,2,1,3
2026-02-25,20,뚝섬역,2호선,0210,210,2,후불카드,100,우대권,7,7,14
2026-02-25,20,뚝섬역,2호선,0210,210,2,후불카드,04,청소년,24,11,35
2026-02-25,20,뚝섬역,2호선,0210,210,2,후불카드,01,일반,1073,310,1383
2026-02-25,20,뚝섬역,2호선,0210,210,1,선불카드,99,기타,12,4,16
2026-02-25,20,뚝섬역,2호선,0210,210,1,선불카드,100,우대권,90,59,149
2026-02-25,20,뚝섬역,2호선,0210,210,1,선불카드,04,청소년,46,25,71
2026-02-25,20,뚝섬역,2호선,0210,210,1,선불카드,02,어린이,2,3,5
2026-02-25,20,뚝섬역,2호선,0210,210,1,선불카드,01,일반,888,285,1173
2026-02-25,19,뚝섬역,2호선,0210,210,C,1회용교통카드,46,중국어 어린이,2,0,2
2026-02-25,19,뚝섬역,2호선,0210,210,C,1회용교통카드,43,중국어 일반,14,0,14
2026-02-25,19,뚝섬역,2호선,0210,210,C,1회용교통카드,41,영어 일반,0,3,3
2026-02-25,19,뚝섬역,2호선,0210,210,C,1회용교통카드,12,어린이,0,2,2
2026-02-25,19,뚝섬역,2호선,0210,210,C,1회용교통카드,11,일반,2,1,3
2026-02-25,19,뚝섬역,2호선,0210,210,C,1회용교통카드,100,우대권,2,1,3
2026-02-25,19,뚝섬역,2호선,0210,210,B,정기권카드,01,일반,4,2,6
2026-02-25,19,뚝섬역,2호선,0210,210,2,후불카드,100,우대권,12,3,15
2026-02-25,19,뚝섬역,2호선,0210,210,2,후불카드,04,청소년,15,15,30
2026-02-25,19,뚝섬역,2호선,0210,210,2,후불카드,02,어린이,0,1,1
2026-02-25,19,뚝섬역,2호선,0210,210,2,후불카드,01,일반,1610,623,2233
2026-02-25,19,뚝섬역,2호선,0210,210,1,선불카드,99,기타,2,1,3
2026-02-25,19,뚝섬역,2호선,0210,210,1,선불카드,100,우대권,104,105,209
2026-02-25,19,뚝섬역,2호선,0210,210,1,선불카드,04,청소년,50,23,73
2026-02-25,19,뚝섬역,2호선,0210,210,1,선불카드,02,어린이,11,5,16
2026-02-25,19,뚝섬역,2호선,0210,210,1,선불카드,01,일반,1399,554,1953
2026-02-25,18,뚝섬역,2호선,0210,210,C,1회용교통카드,43,중국어 일반,0,3,3
2026-02-25,18,뚝섬역,2호선,0210,210,C,1회용교통카드,42,일어 일반,3,1,4
2026-02-25,18,뚝섬역,2호선,0210,210,C,1회용교통카드,41,영어 일반,5,0,5
2026-02-25,18,뚝섬역,2호선,0210,210,C,1회용교통카드,12,어린이,1,1,2
2026-02-25,18,뚝섬역,2호선,0210,210,C,1회용교통카드,11,일반,5,2,7
2026-02-25,18,뚝섬역,2호선,0210,210,C,1회용교통카드,100,우대권,3,2,5
2026-02-25,18,뚝섬역,2호선,0210,210,B,정기권카드,01,일반,3,6,9
2026-02-25,18,뚝섬역,2호선,0210,210,2,후불카드,100,우대권,21,9,30
2026-02-25,18,뚝섬역,2호선,0210,210,2,후불카드,04,청소년,27,19,46
2026-02-25,18,뚝섬역,2호선,0210,210,2,후불카드,01,일반,2992,920,3912
2026-02-25,18,뚝섬역,2호선,0210,210,1,선불카드,99,기타,11,13,24
2026-02-25,18,뚝섬역,2호선,0210,210,1,선불카드,100,우대권,184,141,325
2026-02-25,18,뚝섬역,2호선,0210,210,1,선불카드,04,청소년,61,40,101
2026-02-25,18,뚝섬역,2호선,0210,210,1,선불카드,02,어린이,9,7,16
2026-02-25,18,뚝섬역,2호선,0210,210,1,선불카드,01,일반,2634,816,3450
2026-02-25,17,뚝섬역,2호선,0210,210,C,1회용교통카드,46,중국어 어린이,5,0,5
2026-02-25,17,뚝섬역,2호선,0210,210,C,1회용교통카드,43,중국어 일반,5,0,5
2026-02-25,17,뚝섬역,2호선,0210,210,C,1회용교통카드,42,일어 일반,0,0,0
2026-02-25,17,뚝섬역,2호선,0210,210,C,1회용교통카드,41,영어 일반,2,0,2
2026-02-25,17,뚝섬역,2호선,0210,210,C,1회용교통카드,12,어린이,2,4,6
2026-02-25,17,뚝섬역,2호선,0210,210,C,1회용교통카드,11,일반,5,1,6
2026-02-25,17,뚝섬역,2호선,0210,210,C,1회용교통카드,100,우대권,3,0,3
2026-02-25,17,뚝섬역,2호선,0210,210,B,정기권카드,01,일반,1,1,2
2026-02-25,17,뚝섬역,2호선,0210,210,2,후불카드,100,우대권,22,14,36
2026-02-25,17,뚝섬역,2호선,0210,210,2,후불카드,04,청소년,30,20,50
2026-02-25,17,뚝섬역,2호선,0210,210,2,후불카드,02,어린이,1,1,2
2026-02-25,17,뚝섬역,2호선,0210,210,2,후불카드,01,일반,1777,686,2463
2026-02-25,17,뚝섬역,2호선,0210,210,1,선불카드,99,기타,5,12,17
2026-02-25,17,뚝섬역,2호선,0210,210,1,선불카드,100,우대권,183,165,348
2026-02-25,17,뚝섬역,2호선,0210,210,1,선불카드,04,청소년,47,45,92
2026-02-25,17,뚝섬역,2호선,0210,210,1,선불카드,03,중고생,2,1,3
2026-02-25,17,뚝섬역,2호선,0210,210,1,선불카드,02,어린이,12,5,17
2026-02-25,17,뚝섬역,2호선,0210,210,1,선불카드,01,일반,1518,570,2088
2026-02-25,16,뚝섬역,2호선,0210,210,C,1회용교통카드,46,중국어 어린이,1,2,3
2026-02-25,16,뚝섬역,2호선,0210,210,C,1회용교통카드,43,중국어 일반,9,4,13
2026-02-25,16,뚝섬역,2호선,0210,210,C,1회용교통카드,42,일어 일반,1,0,1
2026-02-25,16,뚝섬역,2호선,0210,210,C,1회용교통카드,41,영어 일반,1,7,8
2026-02-25,16,뚝섬역,2호선,0210,210,C,1회용교통카드,12,어린이,5,3,8
2026-02-25,16,뚝섬역,2호선,0210,210,C,1회용교통카드,11,일반,2,2,4
2026-02-25,16,뚝섬역,2호선,0210,210,C,1회용교통카드,100,우대권,4,3,7
2026-02-25,16,뚝섬역,2호선,0210,210,B,정기권카드,01,일반,3,0,3
2026-02-25,16,뚝섬역,2호선,0210,210,2,후불카드,100,우대권,12,17,29
2026-02-25,16,뚝섬역,2호선,0210,210,2,후불카드,04,청소년,15,23,38
2026-02-25,16,뚝섬역,2호선,0210,210,2,후불카드,01,일반,871,623,1494
2026-02-25,16,뚝섬역,2호선,0210,210,1,선불카드,99,기타,21,2,23
2026-02-25,16,뚝섬역,2호선,0210,210,1,선불카드,100,우대권,210,154,364
2026-02-25,16,뚝섬역,2호선,0210,210,1,선불카드,04,청소년,46,61,107
2026-02-25,16,뚝섬역,2호선,0210,210,1,선불카드,02,어린이,9,15,24
2026-02-25,16,뚝섬역,2호선,0210,210,1,선불카드,01,일반,735,521,1256
2026-02-25,15,뚝섬역,2호선,0210,210,C,1회용교통카드,46,중국어 어린이,0,1,1
2026-02-25,15,뚝섬역,2호선,0210,210,C,1회용교통카드,43,중국어 일반,2,3,5
2026-02-25,15,뚝섬역,2호선,0210,210,C,1회용교통카드,41,영어 일반,0,1,1
2026-02-25,15,뚝섬역,2호선,0210,210,C,1회용교통카드,12,어린이,9,1,10
2026-02-25,15,뚝섬역,2호선,0210,210,C,1회용교통카드,11,일반,5,2,7
2026-02-25,15,뚝섬역,2호선,0210,210,C,1회용교통카드,100,우대권,2,5,7
2026-02-25,15,뚝섬역,2호선,0210,210,B,정기권카드,01,일반,0,5,5
2026-02-25,15,뚝섬역,2호선,0210,210,2,후불카드,100,우대권,19,7,26
2026-02-25,15,뚝섬역,2호선,0210,210,2,후불카드,04,청소년,18,20,38
2026-02-25,15,뚝섬역,2호선,0210,210,2,후불카드,02,어린이,0,1,1
2026-02-25,15,뚝섬역,2호선,0210,210,2,후불카드,01,일반,619,527,1146
2026-02-25,15,뚝섬역,2호선,0210,210,1,선불카드,99,기타,1,7,8
2026-02-25,15,뚝섬역,2호선,0210,210,1,선불카드,100,우대권,247,171,418
2026-02-25,15,뚝섬역,2호선,0210,210,1,선불카드,04,청소년,51,43,94
2026-02-25,15,뚝섬역,2호선,0210,210,1,선불카드,02,어린이,13,10,23
2026-02-25,15,뚝섬역,2호선,0210,210,1,선불카드,01,일반,547,447,994
2026-02-25,14,뚝섬역,2호선,0210,210,C,1회용교통카드,43,중국어 일반,0,1,1
2026-02-25,14,뚝섬역,2호선,0210,210,C,1회용교통카드,12,어린이,3,0,3
2026-02-25,14,뚝섬역,2호선,0210,210,C,1회용교통카드,11,일반,2,3,5
2026-02-25,14,뚝섬역,2호선,0210,210,C,1회용교통카드,100,우대권,0,2,2
2026-02-25,14,뚝섬역,2호선,0210,210,B,정기권카드,01,일반,3,0,3
2026-02-25,14,뚝섬역,2호선,0210,210,2,후불카드,100,우대권,5,8,13
2026-02-25,14,뚝섬역,2호선,0210,210,2,후불카드,04,청소년,8,20,28
2026-02-25,14,뚝섬역,2호선,0210,210,2,후불카드,01,일반,504,590,1094
2026-02-25,14,뚝섬역,2호선,0210,210,1,선불카드,99,기타,6,2,8
2026-02-25,14,뚝섬역,2호선,0210,210,1,선불카드,100,우대권,182,159,341
2026-02-25,14,뚝섬역,2호선,0210,210,1,선불카드,04,청소년,34,43,77
2026-02-25,14,뚝섬역,2호선,0210,210,1,선불카드,03,중고생,1,1,2
2026-02-25,14,뚝섬역,2호선,0210,210,1,선불카드,02,어린이,17,7,24
2026-02-25,14,뚝섬역,2호선,0210,210,1,선불카드,01,일반,460,431,891
2026-02-25,13,뚝섬역,2호선,0210,210,C,1회용교통카드,43,중국어 일반,5,4,9
2026-02-25,13,뚝섬역,2호선,0210,210,C,1회용교통카드,12,어린이,1,2,3
2026-02-25,13,뚝섬역,2호선,0210,210,C,1회용교통카드,11,일반,4,1,5
2026-02-25,13,뚝섬역,2호선,0210,210,C,1회용교통카드,100,우대권,4,1,5
2026-02-25,13,뚝섬역,2호선,0210,210,B,정기권카드,01,일반,1,0,1
2026-02-25,13,뚝섬역,2호선,0210,210,2,후불카드,100,우대권,7,13,20
2026-02-25,13,뚝섬역,2호선,0210,210,2,후불카드,04,청소년,13,22,35
2026-02-25,13,뚝섬역,2호선,0210,210,2,후불카드,01,일반,427,713,1140
2026-02-25,13,뚝섬역,2호선,0210,210,1,선불카드,99,기타,1,23,24
2026-02-25,13,뚝섬역,2호선,0210,210,1,선불카드,100,우대권,164,147,311
2026-02-25,13,뚝섬역,2호선,0210,210,1,선불카드,04,청소년,15,43,58
2026-02-25,13,뚝섬역,2호선,0210,210,1,선불카드,02,어린이,8,13,21
2026-02-25,13,뚝섬역,2호선,0210,210,1,선불카드,01,일반,351,561,912
2026-02-25,12,뚝섬역,2호선,0210,210,C,1회용교통카드,46,중국어 어린이,0,1,1
2026-02-25,12,뚝섬역,2호선,0210,210,C,1회용교통카드,43,중국어 일반,1,6,7
2026-02-25,12,뚝섬역,2호선,0210,210,C,1회용교통카드,41,영어 일반,1,2,3
2026-02-25,12,뚝섬역,2호선,0210,210,C,1회용교통카드,12,어린이,2,4,6
2026-02-25,12,뚝섬역,2호선,0210,210,C,1회용교통카드,11,일반,1,3,4
2026-02-25,12,뚝섬역,2호선,0210,210,C,1회용교통카드,100,우대권,2,2,4
2026-02-25,12,뚝섬역,2호선,0210,210,2,후불카드,100,우대권,14,12,26
2026-02-25,12,뚝섬역,2호선,0210,210,2,후불카드,04,청소년,14,10,24
2026-02-25,12,뚝섬역,2호선,0210,210,2,후불카드,01,일반,331,632,963
2026-02-25,12,뚝섬역,2호선,0210,210,1,선불카드,99,기타,1,3,4
2026-02-25,12,뚝섬역,2호선,0210,210,1,선불카드,100,우대권,205,134,339
2026-02-25,12,뚝섬역,2호선,0210,210,1,선불카드,04,청소년,16,27,43
2026-02-25,12,뚝섬역,2호선,0210,210,1,선불카드,02,어린이,3,10,13
2026-02-25,12,뚝섬역,2호선,0210,210,1,선불카드,01,일반,262,462,724
2026-02-25,11,뚝섬역,2호선,0210,210,C,1회용교통카드,43,중국어 일반,0,4,4
2026-02-25,11,뚝섬역,2호선,0210,210,C,1회용교통카드,41,영어 일반,0,1,1
2026-02-25,11,뚝섬역,2호선,0210,210,C,1회용교통카드,12,어린이,1,2,3
2026-02-25,11,뚝섬역,2호선,0210,210,C,1회용교통카드,11,일반,1,2,3
2026-02-25,11,뚝섬역,2호선,0210,210,C,1회용교통카드,100,우대권,5,5,10
2026-02-25,11,뚝섬역,2호선,0210,210,2,후불카드,100,우대권,13,10,23
2026-02-25,11,뚝섬역,2호선,0210,210,2,후불카드,04,청소년,6,12,18
2026-02-25,11,뚝섬역,2호선,0210,210,2,후불카드,02,어린이,1,0,1
2026-02-25,11,뚝섬역,2호선,0210,210,2,후불카드,01,일반,264,643,907
2026-02-25,11,뚝섬역,2호선,0210,210,1,선불카드,99,기타,1,4,5
2026-02-25,11,뚝섬역,2호선,0210,210,1,선불카드,100,우대권,196,153,349
2026-02-25,11,뚝섬역,2호선,0210,210,1,선불카드,04,청소년,14,37,51
2026-02-25,11,뚝섬역,2호선,0210,210,1,선불카드,03,중고생,0,1,1
2026-02-25,11,뚝섬역,2호선,0210,210,1,선불카드,02,어린이,5,11,16
2026-02-25,11,뚝섬역,2호선,0210,210,1,선불카드,01,일반,202,493,695
2026-02-25,10,뚝섬역,2호선,0210,210,C,1회용교통카드,43,중국어 일반,7,0,7
2026-02-25,10,뚝섬역,2호선,0210,210,C,1회용교통카드,12,어린이,0,4,4
2026-02-25,10,뚝섬역,2호선,0210,210,C,1회용교통카드,11,일반,1,6,7
2026-02-25,10,뚝섬역,2호선,0210,210,C,1회용교통카드,100,우대권,0,4,4
2026-02-25,10,뚝섬역,2호선,0210,210,B,정기권카드,01,일반,1,1,2
2026-02-25,10,뚝섬역,2호선,0210,210,2,후불카드,100,우대권,9,13,22
2026-02-25,10,뚝섬역,2호선,0210,210,2,후불카드,04,청소년,6,9,15
2026-02-25,10,뚝섬역,2호선,0210,210,2,후불카드,01,일반,198,945,1143
2026-02-25,10,뚝섬역,2호선,0210,210,1,선불카드,99,기타,8,7,15
2026-02-25,10,뚝섬역,2호선,0210,210,1,선불카드,100,우대권,169,164,333
2026-02-25,10,뚝섬역,2호선,0210,210,1,선불카드,04,청소년,6,23,29
2026-02-25,10,뚝섬역,2호선,0210,210,1,선불카드,02,어린이,2,12,14
2026-02-25,10,뚝섬역,2호선,0210,210,1,선불카드,01,일반,203,793,996
2026-02-25,09,뚝섬역,2호선,0210,210,C,1회용교통카드,42,일어 일반,2,0,2
2026-02-25,09,뚝섬역,2호선,0210,210,C,1회용교통카드,11,일반,0,2,2
2026-02-25,09,뚝섬역,2호선,0210,210,C,1회용교통카드,100,우대권,1,2,3
2026-02-25,09,뚝섬역,2호선,0210,210,B,정기권카드,01,일반,1,5,6
2026-02-25,09,뚝섬역,2호선,0210,210,2,후불카드,100,우대권,9,10,19
2026-02-25,09,뚝섬역,2호선,0210,210,2,후불카드,04,청소년,2,2,4
2026-02-25,09,뚝섬역,2호선,0210,210,2,후불카드,01,일반,314,2314,2628
2026-02-25,09,뚝섬역,2호선,0210,210,1,선불카드,99,기타,9,7,16
2026-02-25,09,뚝섬역,2호선,0210,210,1,선불카드,100,우대권,131,193,324
2026-02-25,09,뚝섬역,2호선,0210,210,1,선불카드,04,청소년,9,12,21
2026-02-25,09,뚝섬역,2호선,0210,210,1,선불카드,02,어린이,2,1,3
2026-02-25,09,뚝섬역,2호선,0210,210,1,선불카드,01,일반,263,2025,2288
2026-02-25,08,뚝섬역,2호선,0210,210,C,1회용교통카드,42,일어 일반,2,2,4
2026-02-25,08,뚝섬역,2호선,0210,210,C,1회용교통카드,11,일반,0,1,1
2026-02-25,08,뚝섬역,2호선,0210,210,C,1회용교통카드,100,우대권,4,2,6
2026-02-25,08,뚝섬역,2호선,0210,210,B,정기권카드,01,일반,2,2,4
2026-02-25,08,뚝섬역,2호선,0210,210,2,후불카드,100,우대권,7,24,31
2026-02-25,08,뚝섬역,2호선,0210,210,2,후불카드,04,청소년,4,4,8
2026-02-25,08,뚝섬역,2호선,0210,210,2,후불카드,01,일반,518,3536,4054
2026-02-25,08,뚝섬역,2호선,0210,210,1,선불카드,99,기타,6,8,14
2026-02-25,08,뚝섬역,2호선,0210,210,1,선불카드,100,우대권,133,264,397
2026-02-25,08,뚝섬역,2호선,0210,210,1,선불카드,04,청소년,3,12,15
2026-02-25,08,뚝섬역,2호선,0210,210,1,선불카드,02,어린이,1,4,5
2026-02-25,08,뚝섬역,2호선,0210,210,1,선불카드,01,일반,538,3088,3626
2026-02-25,07,뚝섬역,2호선,0210,210,C,1회용교통카드,100,우대권,1,3,4
2026-02-25,07,뚝섬역,2호선,0210,210,B,정기권카드,01,일반,3,5,8
2026-02-25,07,뚝섬역,2호선,0210,210,2,후불카드,100,우대권,7,17,24
2026-02-25,07,뚝섬역,2호선,0210,210,2,후불카드,04,청소년,5,0,5
2026-02-25,07,뚝섬역,2호선,0210,210,2,후불카드,01,일반,369,904,1273
2026-02-25,07,뚝섬역,2호선,0210,210,1,선불카드,99,기타,21,3,24
2026-02-25,07,뚝섬역,2호선,0210,210,1,선불카드,100,우대권,95,162,257
2026-02-25,07,뚝섬역,2호선,0210,210,1,선불카드,04,청소년,7,1,8
2026-02-25,07,뚝섬역,2호선,0210,210,1,선불카드,02,어린이,2,0,2
2026-02-25,07,뚝섬역,2호선,0210,210,1,선불카드,01,일반,384,803,1187
2026-02-25,06,뚝섬역,2호선,0210,210,C,1회용교통카드,100,우대권,1,0,1
2026-02-25,06,뚝섬역,2호선,0210,210,B,정기권카드,01,일반,1,1,2
2026-02-25,06,뚝섬역,2호선,0210,210,2,후불카드,100,우대권,6,7,13
2026-02-25,06,뚝섬역,2호선,0210,210,2,후불카드,04,청소년,1,1,2
2026-02-25,06,뚝섬역,2호선,0210,210,2,후불카드,01,일반,122,185,307
2026-02-25,06,뚝섬역,2호선,0210,210,1,선불카드,99,기타,0,18,18
2026-02-25,06,뚝섬역,2호선,0210,210,1,선불카드,100,우대권,109,163,272
2026-02-25,06,뚝섬역,2호선,0210,210,1,선불카드,04,청소년,7,0,7
2026-02-25,06,뚝섬역,2호선,0210,210,1,선불카드,02,어린이,0,1,1
2026-02-25,06,뚝섬역,2호선,0210,210,1,선불카드,01,일반,115,189,304
2026-02-25,05,뚝섬역,2호선,0210,210,B,정기권카드,01,일반,1,0,1
2026-02-25,05,뚝섬역,2호선,0210,210,2,후불카드,100,우대권,1,3,4
2026-02-25,05,뚝섬역,2호선,0210,210,2,후불카드,01,일반,47,17,64
2026-02-25,05,뚝섬역,2호선,0210,210,1,선불카드,100,우대권,34,60,94
2026-02-25,05,뚝섬역,2호선,0210,210,1,선불카드,04,청소년,0,2,2
2026-02-25,05,뚝섬역,2호선,0210,210,1,선불카드,01,일반,48,17,65
2026-02-25,04,뚝섬역,2호선,0210,210,C,1회용교통카드,46,중국어 어린이,0,0,0
2026-02-25,04,뚝섬역,2호선,0210,210,C,1회용교통카드,43,중국어 일반,0,0,0
2026-02-25,04,뚝섬역,2호선,0210,210,C,1회용교통카드,42,일어 일반,0,0,0
2026-02-25,04,뚝섬역,2호선,0210,210,C,1회용교통카드,41,영어 일반,0,0,0
2026-02-25,04,뚝섬역,2호선,0210,210,C,1회용교통카드,12,어린이,0,0,0
2026-02-25,04,뚝섬역,2호선,0210,210,C,1회용교통카드,11,일반,0,0,0
2026-02-25,04,뚝섬역,2호선,0210,210,C,1회용교통카드,100,우대권,0,0,0
2026-02-25,04,뚝섬역,2호선,0210,210,B,정기권카드,01,일반,0,0,0
2026-02-25,04,뚝섬역,2호선,0210,210,2,후불카드,100,우대권,0,0,0
2026-02-25,04,뚝섬역,2호선,0210,210,2,후불카드,04,청소년,0,0,0
2026-02-25,04,뚝섬역,2호선,0210,210,2,후불카드,01,일반,0,0,0
2026-02-25,04,뚝섬역,2호선,0210,210,1,선불카드,99,기타,0,0,0
2026-02-25,04,뚝섬역,2호선,0210,210,1,선불카드,100,우대권,0,0,0
2026-02-25,04,뚝섬역,2호선,0210,210,1,선불카드,04,청소년,0,0,0
2026-02-25,04,뚝섬역,2호선,0210,210,1,선불카드,02,어린이,0,0,0
2026-02-25,04,뚝섬역,2호선,0210,210,1,선불카드,01,일반,0,0,0
2026-02-25,01,뚝섬역,2호선,0210,210,2,후불카드,01,일반,0,1,1
2026-02-25,01,뚝섬역,2호선,0210,210,1,선불카드,01,일반,0,2,2
2026-02-25,00,뚝섬역,2호선,0210,210,C,1회용교통카드,100,우대권,0,1,1
2026-02-25,00,뚝섬역,2호선,0210,210,2,후불카드,04,청소년,1,2,3
2026-02-25,00,뚝섬역,2호선,0210,210,2,후불카드,01,일반,34,56,90
2026-02-25,00,뚝섬역,2호선,0210,210,1,선불카드,99,기타,3,2,5
2026-02-25,00,뚝섬역,2호선,0210,210,1,선불카드,100,우대권,1,3,4
2026-02-25,00,뚝섬역,2호선,0210,210,1,선불카드,04,청소년,3,3,6
2026-02-25,00,뚝섬역,2호선,0210,210,1,선불카드,01,일반,36,58,94
2026-02-25,23,건대입구역,2호선,0212,212,C,1회용교통카드,41,영어 일반,1,0,1
2026-02-25,23,건대입구역,2호선,0212,212,C,1회용교통카드,11,일반,3,1,4
2026-02-25,23,건대입구역,2호선,0212,212,C,1회용교통카드,100,우대권,0,1,1
2026-02-25,23,건대입구역,2호선,0212,212,B,정기권카드,01,일반,0,3,3
2026-02-25,23,건대입구역,2호선,0212,212,2,후불카드,100,우대권,0,1,1
2026-02-25,23,건대입구역,2호선,0212,212,2,후불카드,04,청소년,37,11,48
2026-02-25,23,건대입구역,2호선,0212,212,2,후불카드,01,일반,849,499,1348
2026-02-25,23,건대입구역,2호선,0212,212,1,선불카드,99,기타,3,0,3
2026-02-25,23,건대입구역,2호선,0212,212,1,선불카드,100,우대권,16,17,33
2026-02-25,23,건대입구역,2호선,0212,212,1,선불카드,04,청소년,48,14,62
2026-02-25,23,건대입구역,2호선,0212,212,1,선불카드,01,일반,522,523,1045
2026-02-25,22,건대입구역,2호선,0212,212,C,1회용교통카드,11,일반,4,5,9
2026-02-25,22,건대입구역,2호선,0212,212,C,1회용교통카드,100,우대권,1,0,1
2026-02-25,22,건대입구역,2호선,0212,212,B,정기권카드,01,일반,2,9,11
2026-02-25,22,건대입구역,2호선,0212,212,2,후불카드,100,우대권,5,9,14
2026-02-25,22,건대입구역,2호선,0212,212,2,후불카드,04,청소년,54,16,70
2026-02-25,22,건대입구역,2호선,0212,212,2,후불카드,01,일반,1391,906,2297
2026-02-25,22,건대입구역,2호선,0212,212,1,선불카드,99,기타,6,8,14
2026-02-25,22,건대입구역,2호선,0212,212,1,선불카드,100,우대권,43,47,90
2026-02-25,22,건대입구역,2호선,0212,212,1,선불카드,04,청소년,100,36,136
2026-02-25,22,건대입구역,2호선,0212,212,1,선불카드,02,어린이,4,1,5
2026-02-25,22,건대입구역,2호선,0212,212,1,선불카드,01,일반,945,902,1847
2026-02-25,21,건대입구역,2호선,0212,212,C,1회용교통카드,46,중국어 어린이,0,1,1
2026-02-25,21,건대입구역,2호선,0212,212,C,1회용교통카드,43,중국어 일반,1,8,9
2026-02-25,21,건대입구역,2호선,0212,212,C,1회용교통카드,42,일어 일반,1,0,1
2026-02-25,21,건대입구역,2호선,0212,212,C,1회용교통카드,41,영어 일반,1,1,2
2026-02-25,21,건대입구역,2호선,0212,212,C,1회용교통카드,12,어린이,4,0,4
2026-02-25,21,건대입구역,2호선,0212,212,C,1회용교통카드,11,일반,5,8,13
2026-02-25,21,건대입구역,2호선,0212,212,C,1회용교통카드,100,우대권,3,1,4
2026-02-25,21,건대입구역,2호선,0212,212,B,정기권카드,01,일반,6,6,12
2026-02-25,21,건대입구역,2호선,0212,212,2,후불카드,100,우대권,12,2,14
2026-02-25,21,건대입구역,2호선,0212,212,2,후불카드,04,청소년,54,17,71
2026-02-25,21,건대입구역,2호선,0212,212,2,후불카드,01,일반,1375,941,2316
2026-02-25,21,건대입구역,2호선,0212,212,1,선불카드,99,기타,9,4,13
2026-02-25,21,건대입구역,2호선,0212,212,1,선불카드,100,우대권,86,86,172
2026-02-25,21,건대입구역,2호선,0212,212,1,선불카드,04,청소년,104,43,147
2026-02-25,21,건대입구역,2호선,0212,212,1,선불카드,02,어린이,2,4,6
2026-02-25,21,건대입구역,2호선,0212,212,1,선불카드,01,일반,988,994,1982
2026-02-25,20,건대입구역,2호선,0212,212,C,1회용교통카드,43,중국어 일반,0,0,0
2026-02-25,20,건대입구역,2호선,0212,212,C,1회용교통카드,42,일어 일반,0,3,3
2026-02-25,20,건대입구역,2호선,0212,212,C,1회용교통카드,12,어린이,1,1,2
2026-02-25,20,건대입구역,2호선,0212,212,C,1회용교통카드,11,일반,2,5,7
2026-02-25,20,건대입구역,2호선,0212,212,C,1회용교통카드,100,우대권,4,3,7
2026-02-25,20,건대입구역,2호선,0212,212,B,정기권카드,01,일반,1,7,8
2026-02-25,20,건대입구역,2호선,0212,212,2,후불카드,100,우대권,6,7,13
2026-02-25,20,건대입구역,2호선,0212,212,2,후불카드,04,청소년,51,32,83
2026-02-25,20,건대입구역,2호선,0212,212,2,후불카드,01,일반,1396,1197,2593
2026-02-25,20,건대입구역,2호선,0212,212,1,선불카드,99,기타,7,3,10
2026-02-25,20,건대입구역,2호선,0212,212,1,선불카드,100,우대권,125,101,226
2026-02-25,20,건대입구역,2호선,0212,212,1,선불카드,04,청소년,109,38,147
2026-02-25,20,건대입구역,2호선,0212,212,1,선불카드,02,어린이,4,2,6
2026-02-25,20,건대입구역,2호선,0212,212,1,선불카드,01,일반,1035,1076,2111
2026-02-25,19,건대입구역,2호선,0212,212,C,1회용교통카드,45,일어 어린이,1,0,1
2026-02-25,19,건대입구역,2호선,0212,212,C,1회용교통카드,43,중국어 일반,2,0,2
2026-02-25,19,건대입구역,2호선,0212,212,C,1회용교통카드,42,일어 일반,0,0,0
2026-02-25,19,건대입구역,2호선,0212,212,C,1회용교통카드,41,영어 일반,0,1,1
2026-02-25,19,건대입구역,2호선,0212,212,C,1회용교통카드,12,어린이,2,3,5
2026-02-25,19,건대입구역,2호선,0212,212,C,1회용교통카드,11,일반,4,7,11
2026-02-25,19,건대입구역,2호선,0212,212,C,1회용교통카드,100,우대권,3,7,10
2026-02-25,19,건대입구역,2호선,0212,212,B,정기권카드,01,일반,2,6,8
2026-02-25,19,건대입구역,2호선,0212,212,2,후불카드,100,우대권,10,11,21
2026-02-25,19,건대입구역,2호선,0212,212,2,후불카드,04,청소년,28,40,68
2026-02-25,19,건대입구역,2호선,0212,212,2,후불카드,02,어린이,0,1,1
2026-02-25,19,건대입구역,2호선,0212,212,2,후불카드,01,일반,1223,2071,3294
2026-02-25,19,건대입구역,2호선,0212,212,1,선불카드,99,기타,7,5,12
2026-02-25,19,건대입구역,2호선,0212,212,1,선불카드,100,우대권,153,157,310
2026-02-25,19,건대입구역,2호선,0212,212,1,선불카드,04,청소년,92,78,170
2026-02-25,19,건대입구역,2호선,0212,212,1,선불카드,02,어린이,5,5,10
2026-02-25,19,건대입구역,2호선,0212,212,1,선불카드,01,일반,938,1726,2664
2026-02-25,18,건대입구역,2호선,0212,212,C,1회용교통카드,46,중국어 어린이,0,1,1
2026-02-25,18,건대입구역,2호선,0212,212,C,1회용교통카드,43,중국어 일반,1,1,2
2026-02-25,18,건대입구역,2호선,0212,212,C,1회용교통카드,12,어린이,2,2,4
2026-02-25,18,건대입구역,2호선,0212,212,C,1회용교통카드,11,일반,4,14,18
2026-02-25,18,건대입구역,2호선,0212,212,C,1회용교통카드,100,우대권,9,8,17
2026-02-25,18,건대입구역,2호선,0212,212,B,정기권카드,01,일반,2,4,6
2026-02-25,18,건대입구역,2호선,0212,212,2,후불카드,100,우대권,14,15,29
2026-02-25,18,건대입구역,2호선,0212,212,2,후불카드,04,청소년,42,71,113
2026-02-25,18,건대입구역,2호선,0212,212,2,후불카드,02,어린이,0,1,1
2026-02-25,18,건대입구역,2호선,0212,212,2,후불카드,01,일반,1665,3013,4678
2026-02-25,18,건대입구역,2호선,0212,212,1,선불카드,99,기타,7,17,24
2026-02-25,18,건대입구역,2호선,0212,212,1,선불카드,100,우대권,207,252,459
2026-02-25,18,건대입구역,2호선,0212,212,1,선불카드,04,청소년,81,109,190
2026-02-25,18,건대입구역,2호선,0212,212,1,선불카드,02,어린이,5,3,8
2026-02-25,18,건대입구역,2호선,0212,212,1,선불카드,01,일반,1358,2535,3893
2026-02-25,17,건대입구역,2호선,0212,212,C,1회용교통카드,42,일어 일반,0,3,3
2026-02-25,17,건대입구역,2호선,0212,212,C,1회용교통카드,12,어린이,3,3,6
2026-02-25,17,건대입구역,2호선,0212,212,C,1회용교통카드,11,일반,7,9,16
2026-02-25,17,건대입구역,2호선,0212,212,C,1회용교통카드,100,우대권,2,7,9
2026-02-25,17,건대입구역,2호선,0212,212,B,정기권카드,01,일반,3,0,3
2026-02-25,17,건대입구역,2호선,0212,212,2,후불카드,100,우대권,13,27,40
2026-02-25,17,건대입구역,2호선,0212,212,2,후불카드,04,청소년,35,45,80
2026-02-25,17,건대입구역,2호선,0212,212,2,후불카드,02,어린이,1,0,1
2026-02-25,17,건대입구역,2호선,0212,212,2,후불카드,01,일반,1351,1874,3225
2026-02-25,17,건대입구역,2호선,0212,212,1,선불카드,99,기타,10,15,25
2026-02-25,17,건대입구역,2호선,0212,212,1,선불카드,100,우대권,229,305,534
2026-02-25,17,건대입구역,2호선,0212,212,1,선불카드,04,청소년,95,104,199
2026-02-25,17,건대입구역,2호선,0212,212,1,선불카드,02,어린이,7,11,18
2026-02-25,17,건대입구역,2호선,0212,212,1,선불카드,01,일반,1013,1393,2406
2026-02-25,16,건대입구역,2호선,0212,212,C,1회용교통카드,43,중국어 일반,3,3,6
2026-02-25,16,건대입구역,2호선,0212,212,C,1회용교통카드,42,일어 일반,2,0,2
2026-02-25,16,건대입구역,2호선,0212,212,C,1회용교통카드,41,영어 일반,0,2,2
2026-02-25,16,건대입구역,2호선,0212,212,C,1회용교통카드,12,어린이,0,2,2
2026-02-25,16,건대입구역,2호선,0212,212,C,1회용교통카드,11,일반,8,6,14
2026-02-25,16,건대입구역,2호선,0212,212,C,1회용교통카드,100,우대권,4,6,10
2026-02-25,16,건대입구역,2호선,0212,212,B,정기권카드,01,일반,1,2,3
2026-02-25,16,건대입구역,2호선,0212,212,2,후불카드,100,우대권,15,14,29
2026-02-25,16,건대입구역,2호선,0212,212,2,후불카드,04,청소년,28,57,85
2026-02-25,16,건대입구역,2호선,0212,212,2,후불카드,02,어린이,1,2,3
2026-02-25,16,건대입구역,2호선,0212,212,2,후불카드,01,일반,973,1271,2244
2026-02-25,16,건대입구역,2호선,0212,212,1,선불카드,99,기타,3,7,10
2026-02-25,16,건대입구역,2호선,0212,212,1,선불카드,100,우대권,260,330,590
2026-02-25,16,건대입구역,2호선,0212,212,1,선불카드,04,청소년,108,119,227
2026-02-25,16,건대입구역,2호선,0212,212,1,선불카드,02,어린이,8,10,18
2026-02-25,16,건대입구역,2호선,0212,212,1,선불카드,01,일반,829,928,1757
2026-02-25,15,건대입구역,2호선,0212,212,C,1회용교통카드,43,중국어 일반,1,2,3
2026-02-25,15,건대입구역,2호선,0212,212,C,1회용교통카드,42,일어 일반,0,2,2
2026-02-25,15,건대입구역,2호선,0212,212,C,1회용교통카드,12,어린이,3,1,4
2026-02-25,15,건대입구역,2호선,0212,212,C,1회용교통카드,11,일반,7,12,19
2026-02-25,15,건대입구역,2호선,0212,212,C,1회용교통카드,100,우대권,10,8,18
2026-02-25,15,건대입구역,2호선,0212,212,B,정기권카드,01,일반,0,2,2
2026-02-25,15,건대입구역,2호선,0212,212,2,후불카드,100,우대권,12,24,36
2026-02-25,15,건대입구역,2호선,0212,212,2,후불카드,04,청소년,20,29,49
2026-02-25,15,건대입구역,2호선,0212,212,2,후불카드,01,일반,878,1020,1898
2026-02-25,15,건대입구역,2호선,0212,212,1,선불카드,99,기타,4,5,9
2026-02-25,15,건대입구역,2호선,0212,212,1,선불카드,100,우대권,293,319,612
2026-02-25,15,건대입구역,2호선,0212,212,1,선불카드,04,청소년,91,114,205
2026-02-25,15,건대입구역,2호선,0212,212,1,선불카드,02,어린이,12,9,21
2026-02-25,15,건대입구역,2호선,0212,212,1,선불카드,01,일반,622,773,1395
2026-02-25,14,건대입구역,2호선,0212,212,C,1회용교통카드,46,중국어 어린이,0,0,0
2026-02-25,14,건대입구역,2호선,0212,212,C,1회용교통카드,43,중국어 일반,6,0,6
2026-02-25,14,건대입구역,2호선,0212,212,C,1회용교통카드,12,어린이,0,2,2
2026-02-25,14,건대입구역,2호선,0212,212,C,1회용교통카드,11,일반,3,5,8
2026-02-25,14,건대입구역,2호선,0212,212,C,1회용교통카드,100,우대권,8,9,17
2026-02-25,14,건대입구역,2호선,0212,212,B,정기권카드,01,일반,2,0,2
2026-02-25,14,건대입구역,2호선,0212,212,2,후불카드,100,우대권,11,12,23
2026-02-25,14,건대입구역,2호선,0212,212,2,후불카드,04,청소년,22,36,58
2026-02-25,14,건대입구역,2호선,0212,212,2,후불카드,02,어린이,1,0,1
2026-02-25,14,건대입구역,2호선,0212,212,2,후불카드,01,일반,786,916,1702
2026-02-25,14,건대입구역,2호선,0212,212,1,선불카드,99,기타,3,1,4
2026-02-25,14,건대입구역,2호선,0212,212,1,선불카드,100,우대권,259,250,509
2026-02-25,14,건대입구역,2호선,0212,212,1,선불카드,04,청소년,60,115,175
2026-02-25,14,건대입구역,2호선,0212,212,1,선불카드,02,어린이,7,8,15
2026-02-25,14,건대입구역,2호선,0212,212,1,선불카드,01,일반,587,602,1189
2026-02-25,13,건대입구역,2호선,0212,212,C,1회용교통카드,46,중국어 어린이,1,0,1
2026-02-25,13,건대입구역,2호선,0212,212,C,1회용교통카드,12,어린이,2,0,2
2026-02-25,13,건대입구역,2호선,0212,212,C,1회용교통카드,11,일반,3,1,4
2026-02-25,13,건대입구역,2호선,0212,212,C,1회용교통카드,100,우대권,2,6,8
2026-02-25,13,건대입구역,2호선,0212,212,B,정기권카드,01,일반,0,2,2
2026-02-25,13,건대입구역,2호선,0212,212,2,후불카드,100,우대권,18,17,35
2026-02-25,13,건대입구역,2호선,0212,212,2,후불카드,04,청소년,19,41,60
2026-02-25,13,건대입구역,2호선,0212,212,2,후불카드,01,일반,771,938,1709
2026-02-25,13,건대입구역,2호선,0212,212,1,선불카드,99,기타,7,5,12
2026-02-25,13,건대입구역,2호선,0212,212,1,선불카드,100,우대권,257,236,493
2026-02-25,13,건대입구역,2호선,0212,212,1,선불카드,04,청소년,40,104,144
2026-02-25,13,건대입구역,2호선,0212,212,1,선불카드,02,어린이,2,8,10
2026-02-25,13,건대입구역,2호선,0212,212,1,선불카드,01,일반,598,607,1205
2026-02-25,12,건대입구역,2호선,0212,212,C,1회용교통카드,43,중국어 일반,0,1,1
2026-02-25,12,건대입구역,2호선,0212,212,C,1회용교통카드,12,어린이,0,1,1
2026-02-25,12,건대입구역,2호선,0212,212,C,1회용교통카드,11,일반,3,5,8
2026-02-25,12,건대입구역,2호선,0212,212,C,1회용교통카드,100,우대권,12,6,18
2026-02-25,12,건대입구역,2호선,0212,212,B,정기권카드,01,일반,2,1,3
2026-02-25,12,건대입구역,2호선,0212,212,2,후불카드,100,우대권,21,16,37
2026-02-25,12,건대입구역,2호선,0212,212,2,후불카드,04,청소년,13,37,50
2026-02-25,12,건대입구역,2호선,0212,212,2,후불카드,01,일반,640,877,1517
2026-02-25,12,건대입구역,2호선,0212,212,1,선불카드,99,기타,4,2,6
2026-02-25,12,건대입구역,2호선,0212,212,1,선불카드,100,우대권,245,266,511
2026-02-25,12,건대입구역,2호선,0212,212,1,선불카드,04,청소년,45,100,145
2026-02-25,12,건대입구역,2호선,0212,212,1,선불카드,02,어린이,3,13,16
2026-02-25,12,건대입구역,2호선,0212,212,1,선불카드,01,일반,523,573,1096
2026-02-25,11,건대입구역,2호선,0212,212,C,1회용교통카드,46,중국어 어린이,2,0,2
2026-02-25,11,건대입구역,2호선,0212,212,C,1회용교통카드,43,중국어 일반,10,0,10
2026-02-25,11,건대입구역,2호선,0212,212,C,1회용교통카드,12,어린이,1,0,1
2026-02-25,11,건대입구역,2호선,0212,212,C,1회용교통카드,11,일반,5,6,11
2026-02-25,11,건대입구역,2호선,0212,212,C,1회용교통카드,100,우대권,5,14,19
2026-02-25,11,건대입구역,2호선,0212,212,B,정기권카드,01,일반,2,1,3
2026-02-25,11,건대입구역,2호선,0212,212,2,후불카드,100,우대권,16,9,25
2026-02-25,11,건대입구역,2호선,0212,212,2,후불카드,04,청소년,17,26,43
2026-02-25,11,건대입구역,2호선,0212,212,2,후불카드,02,어린이,1,0,1
2026-02-25,11,건대입구역,2호선,0212,212,2,후불카드,01,일반,534,714,1248
2026-02-25,11,건대입구역,2호선,0212,212,1,선불카드,99,기타,8,12,20
2026-02-25,11,건대입구역,2호선,0212,212,1,선불카드,100,우대권,250,285,535
2026-02-25,11,건대입구역,2호선,0212,212,1,선불카드,04,청소년,26,68,94
2026-02-25,11,건대입구역,2호선,0212,212,1,선불카드,02,어린이,4,5,9
2026-02-25,11,건대입구역,2호선,0212,212,1,선불카드,01,일반,427,490,917
2026-02-25,10,건대입구역,2호선,0212,212,C,1회용교통카드,12,어린이,1,2,3
2026-02-25,10,건대입구역,2호선,0212,212,C,1회용교통카드,11,일반,4,1,5
2026-02-25,10,건대입구역,2호선,0212,212,C,1회용교통카드,100,우대권,5,4,9
2026-02-25,10,건대입구역,2호선,0212,212,B,정기권카드,01,일반,4,3,7
2026-02-25,10,건대입구역,2호선,0212,212,2,후불카드,100,우대권,11,8,19
2026-02-25,10,건대입구역,2호선,0212,212,2,후불카드,04,청소년,9,17,26
2026-02-25,10,건대입구역,2호선,0212,212,2,후불카드,01,일반,631,748,1379
2026-02-25,10,건대입구역,2호선,0212,212,1,선불카드,99,기타,15,15,30
2026-02-25,10,건대입구역,2호선,0212,212,1,선불카드,100,우대권,211,235,446
2026-02-25,10,건대입구역,2호선,0212,212,1,선불카드,04,청소년,16,40,56
2026-02-25,10,건대입구역,2호선,0212,212,1,선불카드,02,어린이,8,4,12
2026-02-25,10,건대입구역,2호선,0212,212,1,선불카드,01,일반,575,528,1103
2026-02-25,09,건대입구역,2호선,0212,212,C,1회용교통카드,12,어린이,2,0,2
2026-02-25,09,건대입구역,2호선,0212,212,C,1회용교통카드,11,일반,7,3,10
2026-02-25,09,건대입구역,2호선,0212,212,C,1회용교통카드,100,우대권,6,6,12
2026-02-25,09,건대입구역,2호선,0212,212,B,정기권카드,01,일반,10,3,13
2026-02-25,09,건대입구역,2호선,0212,212,2,후불카드,100,우대권,12,13,25
2026-02-25,09,건대입구역,2호선,0212,212,2,후불카드,04,청소년,4,4,8
2026-02-25,09,건대입구역,2호선,0212,212,2,후불카드,01,일반,1074,884,1958
2026-02-25,09,건대입구역,2호선,0212,212,1,선불카드,99,기타,9,8,17
2026-02-25,09,건대입구역,2호선,0212,212,1,선불카드,100,우대권,249,207,456
2026-02-25,09,건대입구역,2호선,0212,212,1,선불카드,04,청소년,13,14,27
2026-02-25,09,건대입구역,2호선,0212,212,1,선불카드,02,어린이,3,6,9
2026-02-25,09,건대입구역,2호선,0212,212,1,선불카드,01,일반,1132,713,1845
2026-02-25,08,건대입구역,2호선,0212,212,C,1회용교통카드,12,어린이,1,3,4
2026-02-25,08,건대입구역,2호선,0212,212,C,1회용교통카드,11,일반,5,1,6
2026-02-25,08,건대입구역,2호선,0212,212,C,1회용교통카드,100,우대권,5,4,9
2026-02-25,08,건대입구역,2호선,0212,212,B,정기권카드,01,일반,7,3,10
2026-02-25,08,건대입구역,2호선,0212,212,2,후불카드,100,우대권,25,10,35
2026-02-25,08,건대입구역,2호선,0212,212,2,후불카드,04,청소년,4,3,7
2026-02-25,08,건대입구역,2호선,0212,212,2,후불카드,01,일반,1770,1255,3025
2026-02-25,08,건대입구역,2호선,0212,212,1,선불카드,99,기타,5,4,9
2026-02-25,08,건대입구역,2호선,0212,212,1,선불카드,100,우대권,247,177,424
2026-02-25,08,건대입구역,2호선,0212,212,1,선불카드,04,청소년,15,13,28
2026-02-25,08,건대입구역,2호선,0212,212,1,선불카드,02,어린이,4,2,6
2026-02-25,08,건대입구역,2호선,0212,212,1,선불카드,01,일반,1795,999,2794
2026-02-25,07,건대입구역,2호선,0212,212,C,1회용교통카드,43,중국어 일반,0,0,0
2026-02-25,07,건대입구역,2호선,0212,212,C,1회용교통카드,11,일반,2,0,2
2026-02-25,07,건대입구역,2호선,0212,212,C,1회용교통카드,100,우대권,3,3,6
2026-02-25,07,건대입구역,2호선,0212,212,B,정기권카드,01,일반,11,1,12
2026-02-25,07,건대입구역,2호선,0212,212,2,후불카드,100,우대권,13,12,25
2026-02-25,07,건대입구역,2호선,0212,212,2,후불카드,04,청소년,8,1,9
2026-02-25,07,건대입구역,2호선,0212,212,2,후불카드,01,일반,986,410,1396
2026-02-25,07,건대입구역,2호선,0212,212,1,선불카드,99,기타,6,4,10
2026-02-25,07,건대입구역,2호선,0212,212,1,선불카드,100,우대권,155,132,287
2026-02-25,07,건대입구역,2호선,0212,212,1,선불카드,04,청소년,11,3,14
2026-02-25,07,건대입구역,2호선,0212,212,1,선불카드,02,어린이,1,0,1
2026-02-25,07,건대입구역,2호선,0212,212,1,선불카드,01,일반,1124,345,1469
2026-02-25,06,건대입구역,2호선,0212,212,C,1회용교통카드,11,일반,0,1,1
2026-02-25,06,건대입구역,2호선,0212,212,C,1회용교통카드,100,우대권,3,0,3
2026-02-25,06,건대입구역,2호선,0212,212,B,정기권카드,01,일반,2,0,2
2026-02-25,06,건대입구역,2호선,0212,212,2,후불카드,100,우대권,6,4,10
2026-02-25,06,건대입구역,2호선,0212,212,2,후불카드,04,청소년,2,0,2
2026-02-25,06,건대입구역,2호선,0212,212,2,후불카드,01,일반,330,185,515
2026-02-25,06,건대입구역,2호선,0212,212,1,선불카드,99,기타,3,1,4
2026-02-25,06,건대입구역,2호선,0212,212,1,선불카드,100,우대권,103,131,234
2026-02-25,06,건대입구역,2호선,0212,212,1,선불카드,04,청소년,7,1,8
2026-02-25,06,건대입구역,2호선,0212,212,1,선불카드,01,일반,341,194,535
2026-02-25,05,건대입구역,2호선,0212,212,C,1회용교통카드,43,중국어 일반,2,0,2
2026-02-25,05,건대입구역,2호선,0212,212,C,1회용교통카드,11,일반,1,0,1
2026-02-25,05,건대입구역,2호선,0212,212,C,1회용교통카드,100,우대권,2,0,2
2026-02-25,05,건대입구역,2호선,0212,212,2,후불카드,100,우대권,4,2,6
2026-02-25,05,건대입구역,2호선,0212,212,2,후불카드,04,청소년,4,0,4
2026-02-25,05,건대입구역,2호선,0212,212,2,후불카드,01,일반,161,19,180
2026-02-25,05,건대입구역,2호선,0212,212,1,선불카드,99,기타,4,2,6
2026-02-25,05,건대입구역,2호선,0212,212,1,선불카드,100,우대권,101,23,124
2026-02-25,05,건대입구역,2호선,0212,212,1,선불카드,04,청소년,8,1,9
2026-02-25,05,건대입구역,2호선,0212,212,1,선불카드,01,일반,161,28,189
2026-02-25,04,건대입구역,2호선,0212,212,C,1회용교통카드,46,중국어 어린이,0,0,0
2026-02-25,04,건대입구역,2호선,0212,212,C,1회용교통카드,43,중국어 일반,0,0,0
2026-02-25,04,건대입구역,2호선,0212,212,C,1회용교통카드,42,일어 일반,0,0,0
2026-02-25,04,건대입구역,2호선,0212,212,C,1회용교통카드,12,어린이,0,0,0
2026-02-25,04,건대입구역,2호선,0212,212,C,1회용교통카드,11,일반,0,0,0
2026-02-25,04,건대입구역,2호선,0212,212,C,1회용교통카드,100,우대권,0,0,0
2026-02-25,04,건대입구역,2호선,0212,212,B,정기권카드,01,일반,0,0,0
2026-02-25,04,건대입구역,2호선,0212,212,2,후불카드,100,우대권,0,0,0
2026-02-25,04,건대입구역,2호선,0212,212,2,후불카드,04,청소년,0,0,0
2026-02-25,04,건대입구역,2호선,0212,212,2,후불카드,02,어린이,0,0,0
2026-02-25,04,건대입구역,2호선,0212,212,2,후불카드,01,일반,7,1,8
2026-02-25,04,건대입구역,2호선,0212,212,1,선불카드,99,기타,0,1,1
2026-02-25,04,건대입구역,2호선,0212,212,1,선불카드,100,우대권,4,0,4
2026-02-25,04,건대입구역,2호선,0212,212,1,선불카드,04,청소년,1,0,1
2026-02-25,04,건대입구역,2호선,0212,212,1,선불카드,02,어린이,0,0,0
2026-02-25,04,건대입구역,2호선,0212,212,1,선불카드,01,일반,2,1,3
2026-02-25,02,건대입구역,2호선,0212,212,1,선불카드,99,기타,0,1,1
2026-02-25,01,건대입구역,2호선,0212,212,C,1회용교통카드,11,일반,1,3,4
2026-02-25,01,건대입구역,2호선,0212,212,2,후불카드,04,청소년,0,1,1
2026-02-25,01,건대입구역,2호선,0212,212,2,후불카드,01,일반,0,18,18
2026-02-25,01,건대입구역,2호선,0212,212,1,선불카드,99,기타,0,2,2
2026-02-25,01,건대입구역,2호선,0212,212,1,선불카드,100,우대권,0,1,1
2026-02-25,01,건대입구역,2호선,0212,212,1,선불카드,04,청소년,0,1,1
2026-02-25,01,건대입구역,2호선,0212,212,1,선불카드,01,일반,0,26,26
2026-02-25,00,건대입구역,2호선,0212,212,C,1회용교통카드,11,일반,0,2,2
2026-02-25,00,건대입구역,2호선,0212,212,C,1회용교통카드,100,우대권,0,1,1
2026-02-25,00,건대입구역,2호선,0212,212,2,후불카드,100,우대권,1,0,1
2026-02-25,00,건대입구역,2호선,0212,212,2,후불카드,04,청소년,9,3,12
2026-02-25,00,건대입구역,2호선,0212,212,2,후불카드,01,일반,201,201,402
2026-02-25,00,건대입구역,2호선,0212,212,1,선불카드,99,기타,5,3,8
2026-02-25,00,건대입구역,2호선,0212,212,1,선불카드,100,우대권,2,7,9
2026-02-25,00,건대입구역,2호선,0212,212,1,선불카드,04,청소년,17,10,27
2026-02-25,00,건대입구역,2호선,0212,212,1,선불카드,01,일반,125,221,346
2026-02-25,00,서울숲역,분당선,,,,전체,,전체,0,0,0
2026-02-25,01,서울숲역,분당선,,,,전체,,전체,0,0,0
2026-02-25,02,서울숲역,분당선,,,,전체,,전체,0,0,0
2026-02-25,03,서울숲역,분당선,,,,전체,,전체,0,0,0
2026-02-25,04,서울숲역,분당선,,,,전체,,전체,108,1,109
2026-02-25,05,서울숲역,분당선,,,,전체,,전체,2673,575,3248
2026-02-25,06,서울숲역,분당선,,,,전체,,전체,5312,6547,11859
2026-02-25,07,서울숲역,분당선,,,,전체,,전체,12913,23445,36358
2026-02-25,08,서울숲역,분당선,,,,전체,,전체,22016,46768,68784
2026-02-25,09,서울숲역,분당선,,,,전체,,전체,14907,34844,49751
2026-02-25,10,서울숲역,분당선,,,,전체,,전체,9120,22346,31466
2026-02-25,11,서울숲역,분당선,,,,전체,,전체,9526,16146,25672
2026-02-25,12,서울숲역,분당선,,,,전체,,전체,11852,16446,28298
2026-02-25,13,서울숲역,분당선,,,,전체,,전체,13760,17901,31661
2026-02-25,14,서울숲역,분당선,,,,전체,,전체,15188,16915,32103
2026-02-25,15,서울숲역,분당선,,,,전체,,전체,18471,17197,35668
2026-02-25,16,서울숲역,분당선,,,,전체,,전체,23700,17491,41191
2026-02-25,17,서울숲역,분당선,,,,전체,,전체,41571,20623,62194
2026-02-25,18,서울숲역,분당선,,,,전체,,전체,50655,26524,77179
2026-02-25,19,서울숲역,분당선,,,,전체,,전체,28955,17206,46161
2026-02-25,20,서울숲역,분당선,,,,전체,,전체,17932,9955,27887
2026-02-25,21,서울숲역,분당선,,,,전체,,전체,13436,8008,21444
2026-02-25,22,서울숲역,분당선,,,,전체,,전체,7953,7463,15416
2026-02-25,23,서울숲역,분당선,,,,전체,,전체,2336,3610,5946
